{
  "name": "jiayin",
  "segmentation": {
    "type": "mmseg",
    "dict": {
      "type": "text",
      "file": "jiayin.txt"
    }
  },
  "conversion_chain": [{
    "dict": {
      "type": "group",
      "dicts": [{
        "type": "text",
        "file": "jiayin.txt"
      }, {
        "type": "text",
        "file": "jiayin00.txt"
      }, {
        "type": "text",
        "file": "jiayin01.txt"
      }, {
        "type": "text",
        "file": "jiayin02.txt"
      }, {
        "type": "text",
        "file": "jiayin03.txt"
      }, {
        "type": "text",
        "file": "jiayin04.txt"
      }, {
        "type": "text",
        "file": "jiayin05.txt"
      }, {
        "type": "text",
        "file": "jiayin06.txt"
      }, {
        "type": "text",
        "file": "jiayin07.txt"
      }]
    }
  }]
}